Iteration,assSim Calls,Objective Value (real)
1,31,10629.431640625
2,62,8478.03125
3,93,7310.33984375
4,124,6114.318359375
